product_name,categories,brand,imageurls,description,content,sku,is_publish,is_featured,price,sale_price,start_date_sale_price,end_date_sale_price,quantity,stock_status
15-bs053od (i7-7500U/6GB/1TB/W10),Notebook,HP,https://rukminim1.flixcart.com/image/312/312/xif0q/computer/a/1/w/14iil05-thin-and-light-laptop-lenovo-original-imagkwgzvknngbfu.jpeg?q=70,"<ul><li> Unrestrained and portable active stereo speaker</li>
            <li> Free from the confines of wires and chords</li>
            <li> 20 hours of portable capabilities</li>
            <li> Double-ended Coil Cord with 3.5mm Stereo Plugs Included</li>
            <li> 3/4? Dome Tweeters: 2X and 4? Woofer: 1X</li></ul>","<p>Short Hooded Coat features a straight body, large pockets with button flaps, ventilation air holes, and a string detail along the hemline. The style is completed with a drawstring hood, featuring Rains’ signature built-in cap. Made from waterproof, matte PU, this lightweight unisex rain jacket is an ode to nostalgia through its classic silhouette and utilitarian design details.</p>
                                <p>- Casual unisex fit</p>

                                <p>- 64% polyester, 36% polyurethane</p>

                                <p>- Water column pressure: 4000 mm</p>

                                <p>- Model is 187cm tall and wearing a size S / M</p>

                                <p>- Unisex fit</p>

                                <p>- Drawstring hood with built-in cap</p>

                                <p>- Front placket with snap buttons</p>

                                <p>- Ventilation under armpit</p>

                                <p>- Adjustable cuffs</p>

                                <p>- Double welted front pockets</p>

                                <p>- Adjustable elastic string at hempen</p>

                                <p>- Ultrasonically welded seams</p>

                                <p>This is a unisex item, please check our clothing & footwear sizing guide for specific Rains jacket sizing information. RAINS comes from the rainy nation of Denmark at the edge of the European continent, close to the ocean and with prevailing westerly winds; all factors that contribute to an average of 121 rain days each year. Arising from these rainy weather conditions comes the attitude that a quick rain shower may be beautiful, as well as moody- but first and foremost requires the right outfit. Rains focus on the whole experience of going outside on rainy days, issuing an invitation to explore even in the most mercurial weather.</p>",,1,1,53790,31990,,,100,in_stock
Rog GL753VE-DS74,Gaming,Asus,https://rukminim1.flixcart.com/image/312/312/ksez24w0/computer/h/8/9/rmnb1001-thin-and-light-laptop-realme-original-imag5zhgcstmjbxg.jpeg?q=70,"<ul><li> Unrestrained and portable active stereo speaker</li>
            <li> Free from the confines of wires and chords</li>
            <li> 20 hours of portable capabilities</li>
            <li> Double-ended Coil Cord with 3.5mm Stereo Plugs Included</li>
            <li> 3/4? Dome Tweeters: 2X and 4? Woofer: 1X</li></ul>","<p>Short Hooded Coat features a straight body, large pockets with button flaps, ventilation air holes, and a string detail along the hemline. The style is completed with a drawstring hood, featuring Rains’ signature built-in cap. Made from waterproof, matte PU, this lightweight unisex rain jacket is an ode to nostalgia through its classic silhouette and utilitarian design details.</p>
                                <p>- Casual unisex fit</p>

                                <p>- 64% polyester, 36% polyurethane</p>

                                <p>- Water column pressure: 4000 mm</p>

                                <p>- Model is 187cm tall and wearing a size S / M</p>

                                <p>- Unisex fit</p>

                                <p>- Drawstring hood with built-in cap</p>

                                <p>- Front placket with snap buttons</p>

                                <p>- Ventilation under armpit</p>

                                <p>- Adjustable cuffs</p>

                                <p>- Double welted front pockets</p>

                                <p>- Adjustable elastic string at hempen</p>

                                <p>- Ultrasonically welded seams</p>

                                <p>This is a unisex item, please check our clothing & footwear sizing guide for specific Rains jacket sizing information. RAINS comes from the rainy nation of Denmark at the edge of the European continent, close to the ocean and with prevailing westerly winds; all factors that contribute to an average of 121 rain days each year. Arising from these rainy weather conditions comes the attitude that a quick rain shower may be beautiful, as well as moody- but first and foremost requires the right outfit. Rains focus on the whole experience of going outside on rainy days, issuing an invitation to explore even in the most mercurial weather.</p>",,1,1,69999,59990,,,100,in_stock
Inspiron 7579,2 in 1 Convertible,Dell,https://rukminim1.flixcart.com/image/312/312/xif0q/computer/e/1/7/-original-imag3ebnzawky4kn.jpeg?q=70,"<ul><li> Unrestrained and portable active stereo speaker</li>
            <li> Free from the confines of wires and chords</li>
            <li> 20 hours of portable capabilities</li>
            <li> Double-ended Coil Cord with 3.5mm Stereo Plugs Included</li>
            <li> 3/4? Dome Tweeters: 2X and 4? Woofer: 1X</li></ul>","<p>Short Hooded Coat features a straight body, large pockets with button flaps, ventilation air holes, and a string detail along the hemline. The style is completed with a drawstring hood, featuring Rains’ signature built-in cap. Made from waterproof, matte PU, this lightweight unisex rain jacket is an ode to nostalgia through its classic silhouette and utilitarian design details.</p>
                                <p>- Casual unisex fit</p>

                                <p>- 64% polyester, 36% polyurethane</p>

                                <p>- Water column pressure: 4000 mm</p>

                                <p>- Model is 187cm tall and wearing a size S / M</p>

                                <p>- Unisex fit</p>

                                <p>- Drawstring hood with built-in cap</p>

                                <p>- Front placket with snap buttons</p>

                                <p>- Ventilation under armpit</p>

                                <p>- Adjustable cuffs</p>

                                <p>- Double welted front pockets</p>

                                <p>- Adjustable elastic string at hempen</p>

                                <p>- Ultrasonically welded seams</p>

                                <p>This is a unisex item, please check our clothing & footwear sizing guide for specific Rains jacket sizing information. RAINS comes from the rainy nation of Denmark at the edge of the European continent, close to the ocean and with prevailing westerly winds; all factors that contribute to an average of 121 rain days each year. Arising from these rainy weather conditions comes the attitude that a quick rain shower may be beautiful, as well as moody- but first and foremost requires the right outfit. Rains focus on the whole experience of going outside on rainy days, issuing an invitation to explore even in the most mercurial weather.</p>",,1,1,45990,32990,,,100,in_stock
Portege Z30-C-1CV,Notebook,Toshiba,https://rukminim1.flixcart.com/image/312/312/kbqu4cw0/computer/q/x/r/hp-original-imaftyzachgrav8f.jpeg?q=70,"<ul><li> Unrestrained and portable active stereo speaker</li>
            <li> Free from the confines of wires and chords</li>
            <li> 20 hours of portable capabilities</li>
            <li> Double-ended Coil Cord with 3.5mm Stereo Plugs Included</li>
            <li> 3/4? Dome Tweeters: 2X and 4? Woofer: 1X</li></ul>","<p>Short Hooded Coat features a straight body, large pockets with button flaps, ventilation air holes, and a string detail along the hemline. The style is completed with a drawstring hood, featuring Rains’ signature built-in cap. Made from waterproof, matte PU, this lightweight unisex rain jacket is an ode to nostalgia through its classic silhouette and utilitarian design details.</p>
                                <p>- Casual unisex fit</p>

                                <p>- 64% polyester, 36% polyurethane</p>

                                <p>- Water column pressure: 4000 mm</p>

                                <p>- Model is 187cm tall and wearing a size S / M</p>

                                <p>- Unisex fit</p>

                                <p>- Drawstring hood with built-in cap</p>

                                <p>- Front placket with snap buttons</p>

                                <p>- Ventilation under armpit</p>

                                <p>- Adjustable cuffs</p>

                                <p>- Double welted front pockets</p>

                                <p>- Adjustable elastic string at hempen</p>

                                <p>- Ultrasonically welded seams</p>

                                <p>This is a unisex item, please check our clothing & footwear sizing guide for specific Rains jacket sizing information. RAINS comes from the rainy nation of Denmark at the edge of the European continent, close to the ocean and with prevailing westerly winds; all factors that contribute to an average of 121 rain days each year. Arising from these rainy weather conditions comes the attitude that a quick rain shower may be beautiful, as well as moody- but first and foremost requires the right outfit. Rains focus on the whole experience of going outside on rainy days, issuing an invitation to explore even in the most mercurial weather.</p>",,1,1,63539,52990,,,100,in_stock
IdeaPad 320-15ABR,Notebook,Lenovo,https://rukminim1.flixcart.com/image/312/312/keaaavk0/computer/x/m/y/lenovo-na-laptop-original-imafuzt8r5jqppfn.jpeg?q=70,"<ul><li> Unrestrained and portable active stereo speaker</li>
            <li> Free from the confines of wires and chords</li>
            <li> 20 hours of portable capabilities</li>
            <li> Double-ended Coil Cord with 3.5mm Stereo Plugs Included</li>
            <li> 3/4? Dome Tweeters: 2X and 4? Woofer: 1X</li></ul>","<p>Short Hooded Coat features a straight body, large pockets with button flaps, ventilation air holes, and a string detail along the hemline. The style is completed with a drawstring hood, featuring Rains’ signature built-in cap. Made from waterproof, matte PU, this lightweight unisex rain jacket is an ode to nostalgia through its classic silhouette and utilitarian design details.</p>
                                <p>- Casual unisex fit</p>

                                <p>- 64% polyester, 36% polyurethane</p>

                                <p>- Water column pressure: 4000 mm</p>

                                <p>- Model is 187cm tall and wearing a size S / M</p>

                                <p>- Unisex fit</p>

                                <p>- Drawstring hood with built-in cap</p>

                                <p>- Front placket with snap buttons</p>

                                <p>- Ventilation under armpit</p>

                                <p>- Adjustable cuffs</p>

                                <p>- Double welted front pockets</p>

                                <p>- Adjustable elastic string at hempen</p>

                                <p>- Ultrasonically welded seams</p>

                                <p>This is a unisex item, please check our clothing & footwear sizing guide for specific Rains jacket sizing information. RAINS comes from the rainy nation of Denmark at the edge of the European continent, close to the ocean and with prevailing westerly winds; all factors that contribute to an average of 121 rain days each year. Arising from these rainy weather conditions comes the attitude that a quick rain shower may be beautiful, as well as moody- but first and foremost requires the right outfit. Rains focus on the whole experience of going outside on rainy days, issuing an invitation to explore even in the most mercurial weather.</p>",,1,1,40490,28490,,,100,in_stock
LifeBook A556,Notebook,Fujitsu,https://rukminim1.flixcart.com/image/312/312/l3rmzrk0/computer/z/2/c/-original-imagetjyhhtrtkdg.jpeg?q=70,"<ul><li> Unrestrained and portable active stereo speaker</li>
            <li> Free from the confines of wires and chords</li>
            <li> 20 hours of portable capabilities</li>
            <li> Double-ended Coil Cord with 3.5mm Stereo Plugs Included</li>
            <li> 3/4? Dome Tweeters: 2X and 4? Woofer: 1X</li></ul>","<p>Short Hooded Coat features a straight body, large pockets with button flaps, ventilation air holes, and a string detail along the hemline. The style is completed with a drawstring hood, featuring Rains’ signature built-in cap. Made from waterproof, matte PU, this lightweight unisex rain jacket is an ode to nostalgia through its classic silhouette and utilitarian design details.</p>
                                <p>- Casual unisex fit</p>

                                <p>- 64% polyester, 36% polyurethane</p>

                                <p>- Water column pressure: 4000 mm</p>

                                <p>- Model is 187cm tall and wearing a size S / M</p>

                                <p>- Unisex fit</p>

                                <p>- Drawstring hood with built-in cap</p>

                                <p>- Front placket with snap buttons</p>

                                <p>- Ventilation under armpit</p>

                                <p>- Adjustable cuffs</p>

                                <p>- Double welted front pockets</p>

                                <p>- Adjustable elastic string at hempen</p>

                                <p>- Ultrasonically welded seams</p>

                                <p>This is a unisex item, please check our clothing & footwear sizing guide for specific Rains jacket sizing information. RAINS comes from the rainy nation of Denmark at the edge of the European continent, close to the ocean and with prevailing westerly winds; all factors that contribute to an average of 121 rain days each year. Arising from these rainy weather conditions comes the attitude that a quick rain shower may be beautiful, as well as moody- but first and foremost requires the right outfit. Rains focus on the whole experience of going outside on rainy days, issuing an invitation to explore even in the most mercurial weather.</p>",,1,1,71990,63990,,,100,in_stock
Tecra A40-C-1KF,Notebook,Toshiba,https://rukminim1.flixcart.com/image/312/312/xif0q/computer/q/0/8/-original-imagkgr3wcfexyd8.jpeg?q=70,"<ul><li> Unrestrained and portable active stereo speaker</li>
            <li> Free from the confines of wires and chords</li>
            <li> 20 hours of portable capabilities</li>
            <li> Double-ended Coil Cord with 3.5mm Stereo Plugs Included</li>
            <li> 3/4? Dome Tweeters: 2X and 4? Woofer: 1X</li></ul>","<p>Short Hooded Coat features a straight body, large pockets with button flaps, ventilation air holes, and a string detail along the hemline. The style is completed with a drawstring hood, featuring Rains’ signature built-in cap. Made from waterproof, matte PU, this lightweight unisex rain jacket is an ode to nostalgia through its classic silhouette and utilitarian design details.</p>
                                <p>- Casual unisex fit</p>

                                <p>- 64% polyester, 36% polyurethane</p>

                                <p>- Water column pressure: 4000 mm</p>

                                <p>- Model is 187cm tall and wearing a size S / M</p>

                                <p>- Unisex fit</p>

                                <p>- Drawstring hood with built-in cap</p>

                                <p>- Front placket with snap buttons</p>

                                <p>- Ventilation under armpit</p>

                                <p>- Adjustable cuffs</p>

                                <p>- Double welted front pockets</p>

                                <p>- Adjustable elastic string at hempen</p>

                                <p>- Ultrasonically welded seams</p>

                                <p>This is a unisex item, please check our clothing & footwear sizing guide for specific Rains jacket sizing information. RAINS comes from the rainy nation of Denmark at the edge of the European continent, close to the ocean and with prevailing westerly winds; all factors that contribute to an average of 121 rain days each year. Arising from these rainy weather conditions comes the attitude that a quick rain shower may be beautiful, as well as moody- but first and foremost requires the right outfit. Rains focus on the whole experience of going outside on rainy days, issuing an invitation to explore even in the most mercurial weather.</p>",,1,1,42999,26990,,,100,in_stock
Inspiron 3567,Notebook,Dell,https://rukminim1.flixcart.com/image/312/312/l5h2xe80/computer/h/i/p/14s-dy5005tu-thin-and-light-laptop-hp-original-imagg4rc7n75zqkp.jpeg?q=70,"<ul><li> Unrestrained and portable active stereo speaker</li>
            <li> Free from the confines of wires and chords</li>
            <li> 20 hours of portable capabilities</li>
            <li> Double-ended Coil Cord with 3.5mm Stereo Plugs Included</li>
            <li> 3/4? Dome Tweeters: 2X and 4? Woofer: 1X</li></ul>","<p>Short Hooded Coat features a straight body, large pockets with button flaps, ventilation air holes, and a string detail along the hemline. The style is completed with a drawstring hood, featuring Rains’ signature built-in cap. Made from waterproof, matte PU, this lightweight unisex rain jacket is an ode to nostalgia through its classic silhouette and utilitarian design details.</p>
                                <p>- Casual unisex fit</p>

                                <p>- 64% polyester, 36% polyurethane</p>

                                <p>- Water column pressure: 4000 mm</p>

                                <p>- Model is 187cm tall and wearing a size S / M</p>

                                <p>- Unisex fit</p>

                                <p>- Drawstring hood with built-in cap</p>

                                <p>- Front placket with snap buttons</p>

                                <p>- Ventilation under armpit</p>

                                <p>- Adjustable cuffs</p>

                                <p>- Double welted front pockets</p>

                                <p>- Adjustable elastic string at hempen</p>

                                <p>- Ultrasonically welded seams</p>

                                <p>This is a unisex item, please check our clothing & footwear sizing guide for specific Rains jacket sizing information. RAINS comes from the rainy nation of Denmark at the edge of the European continent, close to the ocean and with prevailing westerly winds; all factors that contribute to an average of 121 rain days each year. Arising from these rainy weather conditions comes the attitude that a quick rain shower may be beautiful, as well as moody- but first and foremost requires the right outfit. Rains focus on the whole experience of going outside on rainy days, issuing an invitation to explore even in the most mercurial weather.</p>",,1,1,47206,35990,,,100,in_stock
Probook 450,Notebook,HP,https://rukminim1.flixcart.com/image/312/312/xif0q/computer/d/t/c/v15-g2-alc-laptop-lenovo-original-imaghq2ffspmtfuh.jpeg?q=70,"<ul><li> Unrestrained and portable active stereo speaker</li>
            <li> Free from the confines of wires and chords</li>
            <li> 20 hours of portable capabilities</li>
            <li> Double-ended Coil Cord with 3.5mm Stereo Plugs Included</li>
            <li> 3/4? Dome Tweeters: 2X and 4? Woofer: 1X</li></ul>","<p>Short Hooded Coat features a straight body, large pockets with button flaps, ventilation air holes, and a string detail along the hemline. The style is completed with a drawstring hood, featuring Rains’ signature built-in cap. Made from waterproof, matte PU, this lightweight unisex rain jacket is an ode to nostalgia through its classic silhouette and utilitarian design details.</p>
                                <p>- Casual unisex fit</p>

                                <p>- 64% polyester, 36% polyurethane</p>

                                <p>- Water column pressure: 4000 mm</p>

                                <p>- Model is 187cm tall and wearing a size S / M</p>

                                <p>- Unisex fit</p>

                                <p>- Drawstring hood with built-in cap</p>

                                <p>- Front placket with snap buttons</p>

                                <p>- Ventilation under armpit</p>

                                <p>- Adjustable cuffs</p>

                                <p>- Double welted front pockets</p>

                                <p>- Adjustable elastic string at hempen</p>

                                <p>- Ultrasonically welded seams</p>

                                <p>This is a unisex item, please check our clothing & footwear sizing guide for specific Rains jacket sizing information. RAINS comes from the rainy nation of Denmark at the edge of the European continent, close to the ocean and with prevailing westerly winds; all factors that contribute to an average of 121 rain days each year. Arising from these rainy weather conditions comes the attitude that a quick rain shower may be beautiful, as well as moody- but first and foremost requires the right outfit. Rains focus on the whole experience of going outside on rainy days, issuing an invitation to explore even in the most mercurial weather.</p>",,1,1,59760,33999,,,100,in_stock
Legion Y520-15IKBN,Gaming,Lenovo,https://rukminim1.flixcart.com/image/312/312/kuwzssw0/computer/x/l/a/redmibook-15-pro-thin-and-light-laptop-redmi-original-imag7xhnakyazyma.jpeg?q=70,"<ul><li> Unrestrained and portable active stereo speaker</li>
            <li> Free from the confines of wires and chords</li>
            <li> 20 hours of portable capabilities</li>
            <li> Double-ended Coil Cord with 3.5mm Stereo Plugs Included</li>
            <li> 3/4? Dome Tweeters: 2X and 4? Woofer: 1X</li></ul>","<p>Short Hooded Coat features a straight body, large pockets with button flaps, ventilation air holes, and a string detail along the hemline. The style is completed with a drawstring hood, featuring Rains’ signature built-in cap. Made from waterproof, matte PU, this lightweight unisex rain jacket is an ode to nostalgia through its classic silhouette and utilitarian design details.</p>
                                <p>- Casual unisex fit</p>

                                <p>- 64% polyester, 36% polyurethane</p>

                                <p>- Water column pressure: 4000 mm</p>

                                <p>- Model is 187cm tall and wearing a size S / M</p>

                                <p>- Unisex fit</p>

                                <p>- Drawstring hood with built-in cap</p>

                                <p>- Front placket with snap buttons</p>

                                <p>- Ventilation under armpit</p>

                                <p>- Adjustable cuffs</p>

                                <p>- Double welted front pockets</p>

                                <p>- Adjustable elastic string at hempen</p>

                                <p>- Ultrasonically welded seams</p>

                                <p>This is a unisex item, please check our clothing & footwear sizing guide for specific Rains jacket sizing information. RAINS comes from the rainy nation of Denmark at the edge of the European continent, close to the ocean and with prevailing westerly winds; all factors that contribute to an average of 121 rain days each year. Arising from these rainy weather conditions comes the attitude that a quick rain shower may be beautiful, as well as moody- but first and foremost requires the right outfit. Rains focus on the whole experience of going outside on rainy days, issuing an invitation to explore even in the most mercurial weather.</p>",,1,1,59999,39990,,,100,in_stock
Inspiron 5567,Notebook,Dell,https://rukminim1.flixcart.com/image/312/312/xif0q/computer/k/b/8/15s-fr4000tu-thin-and-light-laptop-hp-original-imaghrcwmt7v5svk.jpeg?q=70,"<ul><li> Unrestrained and portable active stereo speaker</li>
            <li> Free from the confines of wires and chords</li>
            <li> 20 hours of portable capabilities</li>
            <li> Double-ended Coil Cord with 3.5mm Stereo Plugs Included</li>
            <li> 3/4? Dome Tweeters: 2X and 4? Woofer: 1X</li></ul>","<p>Short Hooded Coat features a straight body, large pockets with button flaps, ventilation air holes, and a string detail along the hemline. The style is completed with a drawstring hood, featuring Rains’ signature built-in cap. Made from waterproof, matte PU, this lightweight unisex rain jacket is an ode to nostalgia through its classic silhouette and utilitarian design details.</p>
                                <p>- Casual unisex fit</p>

                                <p>- 64% polyester, 36% polyurethane</p>

                                <p>- Water column pressure: 4000 mm</p>

                                <p>- Model is 187cm tall and wearing a size S / M</p>

                                <p>- Unisex fit</p>

                                <p>- Drawstring hood with built-in cap</p>

                                <p>- Front placket with snap buttons</p>

                                <p>- Ventilation under armpit</p>

                                <p>- Adjustable cuffs</p>

                                <p>- Double welted front pockets</p>

                                <p>- Adjustable elastic string at hempen</p>

                                <p>- Ultrasonically welded seams</p>

                                <p>This is a unisex item, please check our clothing & footwear sizing guide for specific Rains jacket sizing information. RAINS comes from the rainy nation of Denmark at the edge of the European continent, close to the ocean and with prevailing westerly winds; all factors that contribute to an average of 121 rain days each year. Arising from these rainy weather conditions comes the attitude that a quick rain shower may be beautiful, as well as moody- but first and foremost requires the right outfit. Rains focus on the whole experience of going outside on rainy days, issuing an invitation to explore even in the most mercurial weather.</p>",,1,1,56903,52990,,,100,in_stock
Latitude 5480,Notebook,Dell,https://rukminim1.flixcart.com/image/312/312/xif0q/computer/q/j/c/-original-imagh3wecapg5gqn.jpeg?q=70,"<ul><li> Unrestrained and portable active stereo speaker</li>
            <li> Free from the confines of wires and chords</li>
            <li> 20 hours of portable capabilities</li>
            <li> Double-ended Coil Cord with 3.5mm Stereo Plugs Included</li>
            <li> 3/4? Dome Tweeters: 2X and 4? Woofer: 1X</li></ul>","<p>Short Hooded Coat features a straight body, large pockets with button flaps, ventilation air holes, and a string detail along the hemline. The style is completed with a drawstring hood, featuring Rains’ signature built-in cap. Made from waterproof, matte PU, this lightweight unisex rain jacket is an ode to nostalgia through its classic silhouette and utilitarian design details.</p>
                                <p>- Casual unisex fit</p>

                                <p>- 64% polyester, 36% polyurethane</p>

                                <p>- Water column pressure: 4000 mm</p>

                                <p>- Model is 187cm tall and wearing a size S / M</p>

                                <p>- Unisex fit</p>

                                <p>- Drawstring hood with built-in cap</p>

                                <p>- Front placket with snap buttons</p>

                                <p>- Ventilation under armpit</p>

                                <p>- Adjustable cuffs</p>

                                <p>- Double welted front pockets</p>

                                <p>- Adjustable elastic string at hempen</p>

                                <p>- Ultrasonically welded seams</p>

                                <p>This is a unisex item, please check our clothing & footwear sizing guide for specific Rains jacket sizing information. RAINS comes from the rainy nation of Denmark at the edge of the European continent, close to the ocean and with prevailing westerly winds; all factors that contribute to an average of 121 rain days each year. Arising from these rainy weather conditions comes the attitude that a quick rain shower may be beautiful, as well as moody- but first and foremost requires the right outfit. Rains focus on the whole experience of going outside on rainy days, issuing an invitation to explore even in the most mercurial weather.</p>",,1,1,43631,29990,,,100,in_stock
EliteBook Folio,Netbook,HP,https://rukminim1.flixcart.com/image/312/312/xif0q/computer/5/6/i/-original-imaggshd5zgfe8ev.jpeg?q=70,"<ul><li> Unrestrained and portable active stereo speaker</li>
            <li> Free from the confines of wires and chords</li>
            <li> 20 hours of portable capabilities</li>
            <li> Double-ended Coil Cord with 3.5mm Stereo Plugs Included</li>
            <li> 3/4? Dome Tweeters: 2X and 4? Woofer: 1X</li></ul>","<p>Short Hooded Coat features a straight body, large pockets with button flaps, ventilation air holes, and a string detail along the hemline. The style is completed with a drawstring hood, featuring Rains’ signature built-in cap. Made from waterproof, matte PU, this lightweight unisex rain jacket is an ode to nostalgia through its classic silhouette and utilitarian design details.</p>
                                <p>- Casual unisex fit</p>

                                <p>- 64% polyester, 36% polyurethane</p>

                                <p>- Water column pressure: 4000 mm</p>

                                <p>- Model is 187cm tall and wearing a size S / M</p>

                                <p>- Unisex fit</p>

                                <p>- Drawstring hood with built-in cap</p>

                                <p>- Front placket with snap buttons</p>

                                <p>- Ventilation under armpit</p>

                                <p>- Adjustable cuffs</p>

                                <p>- Double welted front pockets</p>

                                <p>- Adjustable elastic string at hempen</p>

                                <p>- Ultrasonically welded seams</p>

                                <p>This is a unisex item, please check our clothing & footwear sizing guide for specific Rains jacket sizing information. RAINS comes from the rainy nation of Denmark at the edge of the European continent, close to the ocean and with prevailing westerly winds; all factors that contribute to an average of 121 rain days each year. Arising from these rainy weather conditions comes the attitude that a quick rain shower may be beautiful, as well as moody- but first and foremost requires the right outfit. Rains focus on the whole experience of going outside on rainy days, issuing an invitation to explore even in the most mercurial weather.</p>",,1,1,59778,45727,,,100,in_stock
15-bs005nv (i3-6006U/4GB/1TB,Notebook,HP,https://rukminim1.flixcart.com/image/312/312/kcjexe80/computer/f/s/m/asus-original-imaftndw8zg398np.jpeg?q=70,"<ul><li> Unrestrained and portable active stereo speaker</li>
            <li> Free from the confines of wires and chords</li>
            <li> 20 hours of portable capabilities</li>
            <li> Double-ended Coil Cord with 3.5mm Stereo Plugs Included</li>
            <li> 3/4? Dome Tweeters: 2X and 4? Woofer: 1X</li></ul>","<p>Short Hooded Coat features a straight body, large pockets with button flaps, ventilation air holes, and a string detail along the hemline. The style is completed with a drawstring hood, featuring Rains’ signature built-in cap. Made from waterproof, matte PU, this lightweight unisex rain jacket is an ode to nostalgia through its classic silhouette and utilitarian design details.</p>
                                <p>- Casual unisex fit</p>

                                <p>- 64% polyester, 36% polyurethane</p>

                                <p>- Water column pressure: 4000 mm</p>

                                <p>- Model is 187cm tall and wearing a size S / M</p>

                                <p>- Unisex fit</p>

                                <p>- Drawstring hood with built-in cap</p>

                                <p>- Front placket with snap buttons</p>

                                <p>- Ventilation under armpit</p>

                                <p>- Adjustable cuffs</p>

                                <p>- Double welted front pockets</p>

                                <p>- Adjustable elastic string at hempen</p>

                                <p>- Ultrasonically welded seams</p>

                                <p>This is a unisex item, please check our clothing & footwear sizing guide for specific Rains jacket sizing information. RAINS comes from the rainy nation of Denmark at the edge of the European continent, close to the ocean and with prevailing westerly winds; all factors that contribute to an average of 121 rain days each year. Arising from these rainy weather conditions comes the attitude that a quick rain shower may be beautiful, as well as moody- but first and foremost requires the right outfit. Rains focus on the whole experience of going outside on rainy days, issuing an invitation to explore even in the most mercurial weather.</p>",,1,1,81990,56990,,,100,in_stock
V110-15IAP (N3350/4GB/128GB/No,Notebook,Lenovo,https://rukminim1.flixcart.com/image/312/312/l2m78280/computer/z/e/f/-original-imagdx9szs8xz2rk.jpeg?q=70,"<ul><li> Unrestrained and portable active stereo speaker</li>
            <li> Free from the confines of wires and chords</li>
            <li> 20 hours of portable capabilities</li>
            <li> Double-ended Coil Cord with 3.5mm Stereo Plugs Included</li>
            <li> 3/4? Dome Tweeters: 2X and 4? Woofer: 1X</li></ul>","<p>Short Hooded Coat features a straight body, large pockets with button flaps, ventilation air holes, and a string detail along the hemline. The style is completed with a drawstring hood, featuring Rains’ signature built-in cap. Made from waterproof, matte PU, this lightweight unisex rain jacket is an ode to nostalgia through its classic silhouette and utilitarian design details.</p>
                                <p>- Casual unisex fit</p>

                                <p>- 64% polyester, 36% polyurethane</p>

                                <p>- Water column pressure: 4000 mm</p>

                                <p>- Model is 187cm tall and wearing a size S / M</p>

                                <p>- Unisex fit</p>

                                <p>- Drawstring hood with built-in cap</p>

                                <p>- Front placket with snap buttons</p>

                                <p>- Ventilation under armpit</p>

                                <p>- Adjustable cuffs</p>

                                <p>- Double welted front pockets</p>

                                <p>- Adjustable elastic string at hempen</p>

                                <p>- Ultrasonically welded seams</p>

                                <p>This is a unisex item, please check our clothing & footwear sizing guide for specific Rains jacket sizing information. RAINS comes from the rainy nation of Denmark at the edge of the European continent, close to the ocean and with prevailing westerly winds; all factors that contribute to an average of 121 rain days each year. Arising from these rainy weather conditions comes the attitude that a quick rain shower may be beautiful, as well as moody- but first and foremost requires the right outfit. Rains focus on the whole experience of going outside on rainy days, issuing an invitation to explore even in the most mercurial weather.</p>",,1,1,33990,23990,,,100,in_stock
ThinkPad T560,Notebook,Lenovo,https://rukminim1.flixcart.com/image/312/312/xif0q/computer/x/o/u/-original-imaghkk994ybh4fh.jpeg?q=70,"<ul><li> Unrestrained and portable active stereo speaker</li>
            <li> Free from the confines of wires and chords</li>
            <li> 20 hours of portable capabilities</li>
            <li> Double-ended Coil Cord with 3.5mm Stereo Plugs Included</li>
            <li> 3/4? Dome Tweeters: 2X and 4? Woofer: 1X</li></ul>","<p>Short Hooded Coat features a straight body, large pockets with button flaps, ventilation air holes, and a string detail along the hemline. The style is completed with a drawstring hood, featuring Rains’ signature built-in cap. Made from waterproof, matte PU, this lightweight unisex rain jacket is an ode to nostalgia through its classic silhouette and utilitarian design details.</p>
                                <p>- Casual unisex fit</p>

                                <p>- 64% polyester, 36% polyurethane</p>

                                <p>- Water column pressure: 4000 mm</p>

                                <p>- Model is 187cm tall and wearing a size S / M</p>

                                <p>- Unisex fit</p>

                                <p>- Drawstring hood with built-in cap</p>

                                <p>- Front placket with snap buttons</p>

                                <p>- Ventilation under armpit</p>

                                <p>- Adjustable cuffs</p>

                                <p>- Double welted front pockets</p>

                                <p>- Adjustable elastic string at hempen</p>

                                <p>- Ultrasonically welded seams</p>

                                <p>This is a unisex item, please check our clothing & footwear sizing guide for specific Rains jacket sizing information. RAINS comes from the rainy nation of Denmark at the edge of the European continent, close to the ocean and with prevailing westerly winds; all factors that contribute to an average of 121 rain days each year. Arising from these rainy weather conditions comes the attitude that a quick rain shower may be beautiful, as well as moody- but first and foremost requires the right outfit. Rains focus on the whole experience of going outside on rainy days, issuing an invitation to explore even in the most mercurial weather.</p>",,1,1,58489,42290,,,100,in_stock
Inspiron 5378,2 in 1 Convertible,Dell,https://rukminim1.flixcart.com/image/312/312/l5h2xe80/computer/e/i/d/15s-fr2511tu-thin-and-light-laptop-hp-original-imagg59a7s5kymvy.jpeg?q=70,"<ul><li> Unrestrained and portable active stereo speaker</li>
            <li> Free from the confines of wires and chords</li>
            <li> 20 hours of portable capabilities</li>
            <li> Double-ended Coil Cord with 3.5mm Stereo Plugs Included</li>
            <li> 3/4? Dome Tweeters: 2X and 4? Woofer: 1X</li></ul>","<p>Short Hooded Coat features a straight body, large pockets with button flaps, ventilation air holes, and a string detail along the hemline. The style is completed with a drawstring hood, featuring Rains’ signature built-in cap. Made from waterproof, matte PU, this lightweight unisex rain jacket is an ode to nostalgia through its classic silhouette and utilitarian design details.</p>
                                <p>- Casual unisex fit</p>

                                <p>- 64% polyester, 36% polyurethane</p>

                                <p>- Water column pressure: 4000 mm</p>

                                <p>- Model is 187cm tall and wearing a size S / M</p>

                                <p>- Unisex fit</p>

                                <p>- Drawstring hood with built-in cap</p>

                                <p>- Front placket with snap buttons</p>

                                <p>- Ventilation under armpit</p>

                                <p>- Adjustable cuffs</p>

                                <p>- Double welted front pockets</p>

                                <p>- Adjustable elastic string at hempen</p>

                                <p>- Ultrasonically welded seams</p>

                                <p>This is a unisex item, please check our clothing & footwear sizing guide for specific Rains jacket sizing information. RAINS comes from the rainy nation of Denmark at the edge of the European continent, close to the ocean and with prevailing westerly winds; all factors that contribute to an average of 121 rain days each year. Arising from these rainy weather conditions comes the attitude that a quick rain shower may be beautiful, as well as moody- but first and foremost requires the right outfit. Rains focus on the whole experience of going outside on rainy days, issuing an invitation to explore even in the most mercurial weather.</p>",,1,1,50585,40990,,,100,in_stock
ZenBook UX310UA-FB485T,Notebook,Asus,https://rukminim1.flixcart.com/image/312/312/l44hyfk0/computer/3/c/s/-original-imagf35fjbjagyax.jpeg?q=70,"<ul><li> Unrestrained and portable active stereo speaker</li>
            <li> Free from the confines of wires and chords</li>
            <li> 20 hours of portable capabilities</li>
            <li> Double-ended Coil Cord with 3.5mm Stereo Plugs Included</li>
            <li> 3/4? Dome Tweeters: 2X and 4? Woofer: 1X</li></ul>","<p>Short Hooded Coat features a straight body, large pockets with button flaps, ventilation air holes, and a string detail along the hemline. The style is completed with a drawstring hood, featuring Rains’ signature built-in cap. Made from waterproof, matte PU, this lightweight unisex rain jacket is an ode to nostalgia through its classic silhouette and utilitarian design details.</p>
                                <p>- Casual unisex fit</p>

                                <p>- 64% polyester, 36% polyurethane</p>

                                <p>- Water column pressure: 4000 mm</p>

                                <p>- Model is 187cm tall and wearing a size S / M</p>

                                <p>- Unisex fit</p>

                                <p>- Drawstring hood with built-in cap</p>

                                <p>- Front placket with snap buttons</p>

                                <p>- Ventilation under armpit</p>

                                <p>- Adjustable cuffs</p>

                                <p>- Double welted front pockets</p>

                                <p>- Adjustable elastic string at hempen</p>

                                <p>- Ultrasonically welded seams</p>

                                <p>This is a unisex item, please check our clothing & footwear sizing guide for specific Rains jacket sizing information. RAINS comes from the rainy nation of Denmark at the edge of the European continent, close to the ocean and with prevailing westerly winds; all factors that contribute to an average of 121 rain days each year. Arising from these rainy weather conditions comes the attitude that a quick rain shower may be beautiful, as well as moody- but first and foremost requires the right outfit. Rains focus on the whole experience of going outside on rainy days, issuing an invitation to explore even in the most mercurial weather.</p>",,1,1,60990,41990,,,100,in_stock
Spectre 13-V111dx,Ultrabook,HP,https://rukminim1.flixcart.com/image/312/312/xif0q/computer/y/6/4/-original-imagkqwzbryf6sp7.jpeg?q=70,"<ul><li> Unrestrained and portable active stereo speaker</li>
            <li> Free from the confines of wires and chords</li>
            <li> 20 hours of portable capabilities</li>
            <li> Double-ended Coil Cord with 3.5mm Stereo Plugs Included</li>
            <li> 3/4? Dome Tweeters: 2X and 4? Woofer: 1X</li></ul>","<p>Short Hooded Coat features a straight body, large pockets with button flaps, ventilation air holes, and a string detail along the hemline. The style is completed with a drawstring hood, featuring Rains’ signature built-in cap. Made from waterproof, matte PU, this lightweight unisex rain jacket is an ode to nostalgia through its classic silhouette and utilitarian design details.</p>
                                <p>- Casual unisex fit</p>

                                <p>- 64% polyester, 36% polyurethane</p>

                                <p>- Water column pressure: 4000 mm</p>

                                <p>- Model is 187cm tall and wearing a size S / M</p>

                                <p>- Unisex fit</p>

                                <p>- Drawstring hood with built-in cap</p>

                                <p>- Front placket with snap buttons</p>

                                <p>- Ventilation under armpit</p>

                                <p>- Adjustable cuffs</p>

                                <p>- Double welted front pockets</p>

                                <p>- Adjustable elastic string at hempen</p>

                                <p>- Ultrasonically welded seams</p>

                                <p>This is a unisex item, please check our clothing & footwear sizing guide for specific Rains jacket sizing information. RAINS comes from the rainy nation of Denmark at the edge of the European continent, close to the ocean and with prevailing westerly winds; all factors that contribute to an average of 121 rain days each year. Arising from these rainy weather conditions comes the attitude that a quick rain shower may be beautiful, as well as moody- but first and foremost requires the right outfit. Rains focus on the whole experience of going outside on rainy days, issuing an invitation to explore even in the most mercurial weather.</p>",,1,1,70235,56899,,,100,in_stock
Aspire ES1-533,Notebook,Acer,https://rukminim1.flixcart.com/image/312/312/xif0q/computer/d/t/c/v15-g2-alc-laptop-lenovo-original-imaghq2ffspmtfuh.jpeg?q=70,"<ul><li> Unrestrained and portable active stereo speaker</li>
            <li> Free from the confines of wires and chords</li>
            <li> 20 hours of portable capabilities</li>
            <li> Double-ended Coil Cord with 3.5mm Stereo Plugs Included</li>
            <li> 3/4? Dome Tweeters: 2X and 4? Woofer: 1X</li></ul>","<p>Short Hooded Coat features a straight body, large pockets with button flaps, ventilation air holes, and a string detail along the hemline. The style is completed with a drawstring hood, featuring Rains’ signature built-in cap. Made from waterproof, matte PU, this lightweight unisex rain jacket is an ode to nostalgia through its classic silhouette and utilitarian design details.</p>
                                <p>- Casual unisex fit</p>

                                <p>- 64% polyester, 36% polyurethane</p>

                                <p>- Water column pressure: 4000 mm</p>

                                <p>- Model is 187cm tall and wearing a size S / M</p>

                                <p>- Unisex fit</p>

                                <p>- Drawstring hood with built-in cap</p>

                                <p>- Front placket with snap buttons</p>

                                <p>- Ventilation under armpit</p>

                                <p>- Adjustable cuffs</p>

                                <p>- Double welted front pockets</p>

                                <p>- Adjustable elastic string at hempen</p>

                                <p>- Ultrasonically welded seams</p>

                                <p>This is a unisex item, please check our clothing & footwear sizing guide for specific Rains jacket sizing information. RAINS comes from the rainy nation of Denmark at the edge of the European continent, close to the ocean and with prevailing westerly winds; all factors that contribute to an average of 121 rain days each year. Arising from these rainy weather conditions comes the attitude that a quick rain shower may be beautiful, as well as moody- but first and foremost requires the right outfit. Rains focus on the whole experience of going outside on rainy days, issuing an invitation to explore even in the most mercurial weather.</p>",,1,1,60120,35999,,,100,in_stock
Rog GL553VE-DS74,Gaming,Asus,https://rukminim1.flixcart.com/image/312/312/xif0q/computer/5/6/i/-original-imaggshd5zgfe8ev.jpeg?q=70,"<ul><li> Unrestrained and portable active stereo speaker</li>
            <li> Free from the confines of wires and chords</li>
            <li> 20 hours of portable capabilities</li>
            <li> Double-ended Coil Cord with 3.5mm Stereo Plugs Included</li>
            <li> 3/4? Dome Tweeters: 2X and 4? Woofer: 1X</li></ul>","<p>Short Hooded Coat features a straight body, large pockets with button flaps, ventilation air holes, and a string detail along the hemline. The style is completed with a drawstring hood, featuring Rains’ signature built-in cap. Made from waterproof, matte PU, this lightweight unisex rain jacket is an ode to nostalgia through its classic silhouette and utilitarian design details.</p>
                                <p>- Casual unisex fit</p>

                                <p>- 64% polyester, 36% polyurethane</p>

                                <p>- Water column pressure: 4000 mm</p>

                                <p>- Model is 187cm tall and wearing a size S / M</p>

                                <p>- Unisex fit</p>

                                <p>- Drawstring hood with built-in cap</p>

                                <p>- Front placket with snap buttons</p>

                                <p>- Ventilation under armpit</p>

                                <p>- Adjustable cuffs</p>

                                <p>- Double welted front pockets</p>

                                <p>- Adjustable elastic string at hempen</p>

                                <p>- Ultrasonically welded seams</p>

                                <p>This is a unisex item, please check our clothing & footwear sizing guide for specific Rains jacket sizing information. RAINS comes from the rainy nation of Denmark at the edge of the European continent, close to the ocean and with prevailing westerly winds; all factors that contribute to an average of 121 rain days each year. Arising from these rainy weather conditions comes the attitude that a quick rain shower may be beautiful, as well as moody- but first and foremost requires the right outfit. Rains focus on the whole experience of going outside on rainy days, issuing an invitation to explore even in the most mercurial weather.</p>",,1,1,59108,50490,,,100,in_stock
EliteBook 840,Ultrabook,HP,https://rukminim1.flixcart.com/image/312/312/xif0q/computer/o/h/l/x515ja-ej382ws-laptop-asus-original-imaghxfzcc6dgrqk.jpeg?q=70,"<ul><li> Unrestrained and portable active stereo speaker</li>
            <li> Free from the confines of wires and chords</li>
            <li> 20 hours of portable capabilities</li>
            <li> Double-ended Coil Cord with 3.5mm Stereo Plugs Included</li>
            <li> 3/4? Dome Tweeters: 2X and 4? Woofer: 1X</li></ul>","<p>Short Hooded Coat features a straight body, large pockets with button flaps, ventilation air holes, and a string detail along the hemline. The style is completed with a drawstring hood, featuring Rains’ signature built-in cap. Made from waterproof, matte PU, this lightweight unisex rain jacket is an ode to nostalgia through its classic silhouette and utilitarian design details.</p>
                                <p>- Casual unisex fit</p>

                                <p>- 64% polyester, 36% polyurethane</p>

                                <p>- Water column pressure: 4000 mm</p>

                                <p>- Model is 187cm tall and wearing a size S / M</p>

                                <p>- Unisex fit</p>

                                <p>- Drawstring hood with built-in cap</p>

                                <p>- Front placket with snap buttons</p>

                                <p>- Ventilation under armpit</p>

                                <p>- Adjustable cuffs</p>

                                <p>- Double welted front pockets</p>

                                <p>- Adjustable elastic string at hempen</p>

                                <p>- Ultrasonically welded seams</p>

                                <p>This is a unisex item, please check our clothing & footwear sizing guide for specific Rains jacket sizing information. RAINS comes from the rainy nation of Denmark at the edge of the European continent, close to the ocean and with prevailing westerly winds; all factors that contribute to an average of 121 rain days each year. Arising from these rainy weather conditions comes the attitude that a quick rain shower may be beautiful, as well as moody- but first and foremost requires the right outfit. Rains focus on the whole experience of going outside on rainy days, issuing an invitation to explore even in the most mercurial weather.</p>",,1,1,50990,33990,,,100,in_stock
Nitro 5,Gaming,Acer,https://rukminim1.flixcart.com/image/312/312/xif0q/computer/d/q/o/245-g8-business-laptop-hp-original-imagjdywrx9g8yph.jpeg?q=70,"<ul><li> Unrestrained and portable active stereo speaker</li>
            <li> Free from the confines of wires and chords</li>
            <li> 20 hours of portable capabilities</li>
            <li> Double-ended Coil Cord with 3.5mm Stereo Plugs Included</li>
            <li> 3/4? Dome Tweeters: 2X and 4? Woofer: 1X</li></ul>","<p>Short Hooded Coat features a straight body, large pockets with button flaps, ventilation air holes, and a string detail along the hemline. The style is completed with a drawstring hood, featuring Rains’ signature built-in cap. Made from waterproof, matte PU, this lightweight unisex rain jacket is an ode to nostalgia through its classic silhouette and utilitarian design details.</p>
                                <p>- Casual unisex fit</p>

                                <p>- 64% polyester, 36% polyurethane</p>

                                <p>- Water column pressure: 4000 mm</p>

                                <p>- Model is 187cm tall and wearing a size S / M</p>

                                <p>- Unisex fit</p>

                                <p>- Drawstring hood with built-in cap</p>

                                <p>- Front placket with snap buttons</p>

                                <p>- Ventilation under armpit</p>

                                <p>- Adjustable cuffs</p>

                                <p>- Double welted front pockets</p>

                                <p>- Adjustable elastic string at hempen</p>

                                <p>- Ultrasonically welded seams</p>

                                <p>This is a unisex item, please check our clothing & footwear sizing guide for specific Rains jacket sizing information. RAINS comes from the rainy nation of Denmark at the edge of the European continent, close to the ocean and with prevailing westerly winds; all factors that contribute to an average of 121 rain days each year. Arising from these rainy weather conditions comes the attitude that a quick rain shower may be beautiful, as well as moody- but first and foremost requires the right outfit. Rains focus on the whole experience of going outside on rainy days, issuing an invitation to explore even in the most mercurial weather.</p>",,1,1,40528,28490,,,100,in_stock
ENVY -,Notebook,HP,https://rukminim1.flixcart.com/image/312/312/l3929ow0/computer/d/n/c/82c3a008ih-laptop-lenovo-original-imageexr8yzmydfd.jpeg?q=70,"<ul><li> Unrestrained and portable active stereo speaker</li>
            <li> Free from the confines of wires and chords</li>
            <li> 20 hours of portable capabilities</li>
            <li> Double-ended Coil Cord with 3.5mm Stereo Plugs Included</li>
            <li> 3/4? Dome Tweeters: 2X and 4? Woofer: 1X</li></ul>","<p>Short Hooded Coat features a straight body, large pockets with button flaps, ventilation air holes, and a string detail along the hemline. The style is completed with a drawstring hood, featuring Rains’ signature built-in cap. Made from waterproof, matte PU, this lightweight unisex rain jacket is an ode to nostalgia through its classic silhouette and utilitarian design details.</p>
                                <p>- Casual unisex fit</p>

                                <p>- 64% polyester, 36% polyurethane</p>

                                <p>- Water column pressure: 4000 mm</p>

                                <p>- Model is 187cm tall and wearing a size S / M</p>

                                <p>- Unisex fit</p>

                                <p>- Drawstring hood with built-in cap</p>

                                <p>- Front placket with snap buttons</p>

                                <p>- Ventilation under armpit</p>

                                <p>- Adjustable cuffs</p>

                                <p>- Double welted front pockets</p>

                                <p>- Adjustable elastic string at hempen</p>

                                <p>- Ultrasonically welded seams</p>

                                <p>This is a unisex item, please check our clothing & footwear sizing guide for specific Rains jacket sizing information. RAINS comes from the rainy nation of Denmark at the edge of the European continent, close to the ocean and with prevailing westerly winds; all factors that contribute to an average of 121 rain days each year. Arising from these rainy weather conditions comes the attitude that a quick rain shower may be beautiful, as well as moody- but first and foremost requires the right outfit. Rains focus on the whole experience of going outside on rainy days, issuing an invitation to explore even in the most mercurial weather.</p>",,1,1,36000,19990,,,100,in_stock
Vostro 3568,Notebook,Dell,https://rukminim1.flixcart.com/image/312/312/xif0q/computer/t/q/2/-original-imagkqwzyzfahqac.jpeg?q=70,"<ul><li> Unrestrained and portable active stereo speaker</li>
            <li> Free from the confines of wires and chords</li>
            <li> 20 hours of portable capabilities</li>
            <li> Double-ended Coil Cord with 3.5mm Stereo Plugs Included</li>
            <li> 3/4? Dome Tweeters: 2X and 4? Woofer: 1X</li></ul>","<p>Short Hooded Coat features a straight body, large pockets with button flaps, ventilation air holes, and a string detail along the hemline. The style is completed with a drawstring hood, featuring Rains’ signature built-in cap. Made from waterproof, matte PU, this lightweight unisex rain jacket is an ode to nostalgia through its classic silhouette and utilitarian design details.</p>
                                <p>- Casual unisex fit</p>

                                <p>- 64% polyester, 36% polyurethane</p>

                                <p>- Water column pressure: 4000 mm</p>

                                <p>- Model is 187cm tall and wearing a size S / M</p>

                                <p>- Unisex fit</p>

                                <p>- Drawstring hood with built-in cap</p>

                                <p>- Front placket with snap buttons</p>

                                <p>- Ventilation under armpit</p>

                                <p>- Adjustable cuffs</p>

                                <p>- Double welted front pockets</p>

                                <p>- Adjustable elastic string at hempen</p>

                                <p>- Ultrasonically welded seams</p>

                                <p>This is a unisex item, please check our clothing & footwear sizing guide for specific Rains jacket sizing information. RAINS comes from the rainy nation of Denmark at the edge of the European continent, close to the ocean and with prevailing westerly winds; all factors that contribute to an average of 121 rain days each year. Arising from these rainy weather conditions comes the attitude that a quick rain shower may be beautiful, as well as moody- but first and foremost requires the right outfit. Rains focus on the whole experience of going outside on rainy days, issuing an invitation to explore even in the most mercurial weather.</p>",,1,1,75191,58899,,,100,in_stock
Probook 440,Notebook,HP,https://rukminim1.flixcart.com/image/312/312/xif0q/computer/m/q/o/-original-imag7wjdg4dvcdya.jpeg?q=70,"<ul><li> Unrestrained and portable active stereo speaker</li>
            <li> Free from the confines of wires and chords</li>
            <li> 20 hours of portable capabilities</li>
            <li> Double-ended Coil Cord with 3.5mm Stereo Plugs Included</li>
            <li> 3/4? Dome Tweeters: 2X and 4? Woofer: 1X</li></ul>","<p>Short Hooded Coat features a straight body, large pockets with button flaps, ventilation air holes, and a string detail along the hemline. The style is completed with a drawstring hood, featuring Rains’ signature built-in cap. Made from waterproof, matte PU, this lightweight unisex rain jacket is an ode to nostalgia through its classic silhouette and utilitarian design details.</p>
                                <p>- Casual unisex fit</p>

                                <p>- 64% polyester, 36% polyurethane</p>

                                <p>- Water column pressure: 4000 mm</p>

                                <p>- Model is 187cm tall and wearing a size S / M</p>

                                <p>- Unisex fit</p>

                                <p>- Drawstring hood with built-in cap</p>

                                <p>- Front placket with snap buttons</p>

                                <p>- Ventilation under armpit</p>

                                <p>- Adjustable cuffs</p>

                                <p>- Double welted front pockets</p>

                                <p>- Adjustable elastic string at hempen</p>

                                <p>- Ultrasonically welded seams</p>

                                <p>This is a unisex item, please check our clothing & footwear sizing guide for specific Rains jacket sizing information. RAINS comes from the rainy nation of Denmark at the edge of the European continent, close to the ocean and with prevailing westerly winds; all factors that contribute to an average of 121 rain days each year. Arising from these rainy weather conditions comes the attitude that a quick rain shower may be beautiful, as well as moody- but first and foremost requires the right outfit. Rains focus on the whole experience of going outside on rainy days, issuing an invitation to explore even in the most mercurial weather.</p>",,1,1,80990,56990,,,100,in_stock
Portege Z30-C-16H,Notebook,Toshiba,https://rukminim1.flixcart.com/image/312/312/l5fnhjk0/computer/b/f/k/inbook-x1-neo-thin-and-light-laptop-infinix-original-imagg49hqgt2ggzc.jpeg?q=70,"<ul><li> Unrestrained and portable active stereo speaker</li>
            <li> Free from the confines of wires and chords</li>
            <li> 20 hours of portable capabilities</li>
            <li> Double-ended Coil Cord with 3.5mm Stereo Plugs Included</li>
            <li> 3/4? Dome Tweeters: 2X and 4? Woofer: 1X</li></ul>","<p>Short Hooded Coat features a straight body, large pockets with button flaps, ventilation air holes, and a string detail along the hemline. The style is completed with a drawstring hood, featuring Rains’ signature built-in cap. Made from waterproof, matte PU, this lightweight unisex rain jacket is an ode to nostalgia through its classic silhouette and utilitarian design details.</p>
                                <p>- Casual unisex fit</p>

                                <p>- 64% polyester, 36% polyurethane</p>

                                <p>- Water column pressure: 4000 mm</p>

                                <p>- Model is 187cm tall and wearing a size S / M</p>

                                <p>- Unisex fit</p>

                                <p>- Drawstring hood with built-in cap</p>

                                <p>- Front placket with snap buttons</p>

                                <p>- Ventilation under armpit</p>

                                <p>- Adjustable cuffs</p>

                                <p>- Double welted front pockets</p>

                                <p>- Adjustable elastic string at hempen</p>

                                <p>- Ultrasonically welded seams</p>

                                <p>This is a unisex item, please check our clothing & footwear sizing guide for specific Rains jacket sizing information. RAINS comes from the rainy nation of Denmark at the edge of the European continent, close to the ocean and with prevailing westerly winds; all factors that contribute to an average of 121 rain days each year. Arising from these rainy weather conditions comes the attitude that a quick rain shower may be beautiful, as well as moody- but first and foremost requires the right outfit. Rains focus on the whole experience of going outside on rainy days, issuing an invitation to explore even in the most mercurial weather.</p>",,1,1,29990,20990,,,100,in_stock
EliteBook 840,Notebook,HP,https://rukminim1.flixcart.com/image/312/312/xif0q/computer/a/1/w/14iil05-thin-and-light-laptop-lenovo-original-imagkwgzvknngbfu.jpeg?q=70,"<ul><li> Unrestrained and portable active stereo speaker</li>
            <li> Free from the confines of wires and chords</li>
            <li> 20 hours of portable capabilities</li>
            <li> Double-ended Coil Cord with 3.5mm Stereo Plugs Included</li>
            <li> 3/4? Dome Tweeters: 2X and 4? Woofer: 1X</li></ul>","<p>Short Hooded Coat features a straight body, large pockets with button flaps, ventilation air holes, and a string detail along the hemline. The style is completed with a drawstring hood, featuring Rains’ signature built-in cap. Made from waterproof, matte PU, this lightweight unisex rain jacket is an ode to nostalgia through its classic silhouette and utilitarian design details.</p>
                                <p>- Casual unisex fit</p>

                                <p>- 64% polyester, 36% polyurethane</p>

                                <p>- Water column pressure: 4000 mm</p>

                                <p>- Model is 187cm tall and wearing a size S / M</p>

                                <p>- Unisex fit</p>

                                <p>- Drawstring hood with built-in cap</p>

                                <p>- Front placket with snap buttons</p>

                                <p>- Ventilation under armpit</p>

                                <p>- Adjustable cuffs</p>

                                <p>- Double welted front pockets</p>

                                <p>- Adjustable elastic string at hempen</p>

                                <p>- Ultrasonically welded seams</p>

                                <p>This is a unisex item, please check our clothing & footwear sizing guide for specific Rains jacket sizing information. RAINS comes from the rainy nation of Denmark at the edge of the European continent, close to the ocean and with prevailing westerly winds; all factors that contribute to an average of 121 rain days each year. Arising from these rainy weather conditions comes the attitude that a quick rain shower may be beautiful, as well as moody- but first and foremost requires the right outfit. Rains focus on the whole experience of going outside on rainy days, issuing an invitation to explore even in the most mercurial weather.</p>",,1,1,53790,31990,,,100,in_stock
ProBook 640,Notebook,HP,https://rukminim1.flixcart.com/image/312/312/xif0q/computer/p/z/c/-original-imaghr25cncfgpza.jpeg?q=70,"<ul><li> Unrestrained and portable active stereo speaker</li>
            <li> Free from the confines of wires and chords</li>
            <li> 20 hours of portable capabilities</li>
            <li> Double-ended Coil Cord with 3.5mm Stereo Plugs Included</li>
            <li> 3/4? Dome Tweeters: 2X and 4? Woofer: 1X</li></ul>","<p>Short Hooded Coat features a straight body, large pockets with button flaps, ventilation air holes, and a string detail along the hemline. The style is completed with a drawstring hood, featuring Rains’ signature built-in cap. Made from waterproof, matte PU, this lightweight unisex rain jacket is an ode to nostalgia through its classic silhouette and utilitarian design details.</p>
                                <p>- Casual unisex fit</p>

                                <p>- 64% polyester, 36% polyurethane</p>

                                <p>- Water column pressure: 4000 mm</p>

                                <p>- Model is 187cm tall and wearing a size S / M</p>

                                <p>- Unisex fit</p>

                                <p>- Drawstring hood with built-in cap</p>

                                <p>- Front placket with snap buttons</p>

                                <p>- Ventilation under armpit</p>

                                <p>- Adjustable cuffs</p>

                                <p>- Double welted front pockets</p>

                                <p>- Adjustable elastic string at hempen</p>

                                <p>- Ultrasonically welded seams</p>

                                <p>This is a unisex item, please check our clothing & footwear sizing guide for specific Rains jacket sizing information. RAINS comes from the rainy nation of Denmark at the edge of the European continent, close to the ocean and with prevailing westerly winds; all factors that contribute to an average of 121 rain days each year. Arising from these rainy weather conditions comes the attitude that a quick rain shower may be beautiful, as well as moody- but first and foremost requires the right outfit. Rains focus on the whole experience of going outside on rainy days, issuing an invitation to explore even in the most mercurial weather.</p>",,1,1,82990,59990,,,100,in_stock
EliteBook 1040,Ultrabook,HP,https://rukminim1.flixcart.com/image/312/312/xif0q/computer/o/t/h/-original-imagg6t9pauha4t7.jpeg?q=70,"<ul><li> Unrestrained and portable active stereo speaker</li>
            <li> Free from the confines of wires and chords</li>
            <li> 20 hours of portable capabilities</li>
            <li> Double-ended Coil Cord with 3.5mm Stereo Plugs Included</li>
            <li> 3/4? Dome Tweeters: 2X and 4? Woofer: 1X</li></ul>","<p>Short Hooded Coat features a straight body, large pockets with button flaps, ventilation air holes, and a string detail along the hemline. The style is completed with a drawstring hood, featuring Rains’ signature built-in cap. Made from waterproof, matte PU, this lightweight unisex rain jacket is an ode to nostalgia through its classic silhouette and utilitarian design details.</p>
                                <p>- Casual unisex fit</p>

                                <p>- 64% polyester, 36% polyurethane</p>

                                <p>- Water column pressure: 4000 mm</p>

                                <p>- Model is 187cm tall and wearing a size S / M</p>

                                <p>- Unisex fit</p>

                                <p>- Drawstring hood with built-in cap</p>

                                <p>- Front placket with snap buttons</p>

                                <p>- Ventilation under armpit</p>

                                <p>- Adjustable cuffs</p>

                                <p>- Double welted front pockets</p>

                                <p>- Adjustable elastic string at hempen</p>

                                <p>- Ultrasonically welded seams</p>

                                <p>This is a unisex item, please check our clothing & footwear sizing guide for specific Rains jacket sizing information. RAINS comes from the rainy nation of Denmark at the edge of the European continent, close to the ocean and with prevailing westerly winds; all factors that contribute to an average of 121 rain days each year. Arising from these rainy weather conditions comes the attitude that a quick rain shower may be beautiful, as well as moody- but first and foremost requires the right outfit. Rains focus on the whole experience of going outside on rainy days, issuing an invitation to explore even in the most mercurial weather.</p>",,1,1,50990,39990,,,100,in_stock
ProBook 440,Notebook,HP,https://rukminim1.flixcart.com/image/312/312/l5fnhjk0/computer/c/p/c/14s-fy1005au-thin-and-light-laptop-hp-original-imagg4dgtu77mzye.jpeg?q=70,"<ul><li> Unrestrained and portable active stereo speaker</li>
            <li> Free from the confines of wires and chords</li>
            <li> 20 hours of portable capabilities</li>
            <li> Double-ended Coil Cord with 3.5mm Stereo Plugs Included</li>
            <li> 3/4? Dome Tweeters: 2X and 4? Woofer: 1X</li></ul>","<p>Short Hooded Coat features a straight body, large pockets with button flaps, ventilation air holes, and a string detail along the hemline. The style is completed with a drawstring hood, featuring Rains’ signature built-in cap. Made from waterproof, matte PU, this lightweight unisex rain jacket is an ode to nostalgia through its classic silhouette and utilitarian design details.</p>
                                <p>- Casual unisex fit</p>

                                <p>- 64% polyester, 36% polyurethane</p>

                                <p>- Water column pressure: 4000 mm</p>

                                <p>- Model is 187cm tall and wearing a size S / M</p>

                                <p>- Unisex fit</p>

                                <p>- Drawstring hood with built-in cap</p>

                                <p>- Front placket with snap buttons</p>

                                <p>- Ventilation under armpit</p>

                                <p>- Adjustable cuffs</p>

                                <p>- Double welted front pockets</p>

                                <p>- Adjustable elastic string at hempen</p>

                                <p>- Ultrasonically welded seams</p>

                                <p>This is a unisex item, please check our clothing & footwear sizing guide for specific Rains jacket sizing information. RAINS comes from the rainy nation of Denmark at the edge of the European continent, close to the ocean and with prevailing westerly winds; all factors that contribute to an average of 121 rain days each year. Arising from these rainy weather conditions comes the attitude that a quick rain shower may be beautiful, as well as moody- but first and foremost requires the right outfit. Rains focus on the whole experience of going outside on rainy days, issuing an invitation to explore even in the most mercurial weather.</p>",,1,1,63289,50499,,,100,in_stock
Probook 440,Notebook,HP,https://rukminim1.flixcart.com/image/312/312/ksez24w0/computer/h/8/9/rmnb1001-thin-and-light-laptop-realme-original-imag5zhgcstmjbxg.jpeg?q=70,"<ul><li> Unrestrained and portable active stereo speaker</li>
            <li> Free from the confines of wires and chords</li>
            <li> 20 hours of portable capabilities</li>
            <li> Double-ended Coil Cord with 3.5mm Stereo Plugs Included</li>
            <li> 3/4? Dome Tweeters: 2X and 4? Woofer: 1X</li></ul>","<p>Short Hooded Coat features a straight body, large pockets with button flaps, ventilation air holes, and a string detail along the hemline. The style is completed with a drawstring hood, featuring Rains’ signature built-in cap. Made from waterproof, matte PU, this lightweight unisex rain jacket is an ode to nostalgia through its classic silhouette and utilitarian design details.</p>
                                <p>- Casual unisex fit</p>

                                <p>- 64% polyester, 36% polyurethane</p>

                                <p>- Water column pressure: 4000 mm</p>

                                <p>- Model is 187cm tall and wearing a size S / M</p>

                                <p>- Unisex fit</p>

                                <p>- Drawstring hood with built-in cap</p>

                                <p>- Front placket with snap buttons</p>

                                <p>- Ventilation under armpit</p>

                                <p>- Adjustable cuffs</p>

                                <p>- Double welted front pockets</p>

                                <p>- Adjustable elastic string at hempen</p>

                                <p>- Ultrasonically welded seams</p>

                                <p>This is a unisex item, please check our clothing & footwear sizing guide for specific Rains jacket sizing information. RAINS comes from the rainy nation of Denmark at the edge of the European continent, close to the ocean and with prevailing westerly winds; all factors that contribute to an average of 121 rain days each year. Arising from these rainy weather conditions comes the attitude that a quick rain shower may be beautiful, as well as moody- but first and foremost requires the right outfit. Rains focus on the whole experience of going outside on rainy days, issuing an invitation to explore even in the most mercurial weather.</p>",,1,1,69999,59990,,,100,in_stock
Inspiron 7567,Gaming,Dell,https://rukminim1.flixcart.com/image/312/312/l2qhjm80/computer/l/t/g/gf63-thin-11uc-867in-gaming-laptop-msi-original-imageyk5hzuthuyf.jpeg?q=70,"<ul><li> Unrestrained and portable active stereo speaker</li>
            <li> Free from the confines of wires and chords</li>
            <li> 20 hours of portable capabilities</li>
            <li> Double-ended Coil Cord with 3.5mm Stereo Plugs Included</li>
            <li> 3/4? Dome Tweeters: 2X and 4? Woofer: 1X</li></ul>","<p>Short Hooded Coat features a straight body, large pockets with button flaps, ventilation air holes, and a string detail along the hemline. The style is completed with a drawstring hood, featuring Rains’ signature built-in cap. Made from waterproof, matte PU, this lightweight unisex rain jacket is an ode to nostalgia through its classic silhouette and utilitarian design details.</p>
                                <p>- Casual unisex fit</p>

                                <p>- 64% polyester, 36% polyurethane</p>

                                <p>- Water column pressure: 4000 mm</p>

                                <p>- Model is 187cm tall and wearing a size S / M</p>

                                <p>- Unisex fit</p>

                                <p>- Drawstring hood with built-in cap</p>

                                <p>- Front placket with snap buttons</p>

                                <p>- Ventilation under armpit</p>

                                <p>- Adjustable cuffs</p>

                                <p>- Double welted front pockets</p>

                                <p>- Adjustable elastic string at hempen</p>

                                <p>- Ultrasonically welded seams</p>

                                <p>This is a unisex item, please check our clothing & footwear sizing guide for specific Rains jacket sizing information. RAINS comes from the rainy nation of Denmark at the edge of the European continent, close to the ocean and with prevailing westerly winds; all factors that contribute to an average of 121 rain days each year. Arising from these rainy weather conditions comes the attitude that a quick rain shower may be beautiful, as well as moody- but first and foremost requires the right outfit. Rains focus on the whole experience of going outside on rainy days, issuing an invitation to explore even in the most mercurial weather.</p>",,1,1,78990,59990,,,100,in_stock
EliteBook 820,Ultrabook,HP,https://rukminim1.flixcart.com/image/312/312/l58iaa80/computer/q/s/w/inspiron-3511-laptop-dell-original-imagfycrbnpu2nbh.jpeg?q=70,"<ul><li> Unrestrained and portable active stereo speaker</li>
            <li> Free from the confines of wires and chords</li>
            <li> 20 hours of portable capabilities</li>
            <li> Double-ended Coil Cord with 3.5mm Stereo Plugs Included</li>
            <li> 3/4? Dome Tweeters: 2X and 4? Woofer: 1X</li></ul>","<p>Short Hooded Coat features a straight body, large pockets with button flaps, ventilation air holes, and a string detail along the hemline. The style is completed with a drawstring hood, featuring Rains’ signature built-in cap. Made from waterproof, matte PU, this lightweight unisex rain jacket is an ode to nostalgia through its classic silhouette and utilitarian design details.</p>
                                <p>- Casual unisex fit</p>

                                <p>- 64% polyester, 36% polyurethane</p>

                                <p>- Water column pressure: 4000 mm</p>

                                <p>- Model is 187cm tall and wearing a size S / M</p>

                                <p>- Unisex fit</p>

                                <p>- Drawstring hood with built-in cap</p>

                                <p>- Front placket with snap buttons</p>

                                <p>- Ventilation under armpit</p>

                                <p>- Adjustable cuffs</p>

                                <p>- Double welted front pockets</p>

                                <p>- Adjustable elastic string at hempen</p>

                                <p>- Ultrasonically welded seams</p>

                                <p>This is a unisex item, please check our clothing & footwear sizing guide for specific Rains jacket sizing information. RAINS comes from the rainy nation of Denmark at the edge of the European continent, close to the ocean and with prevailing westerly winds; all factors that contribute to an average of 121 rain days each year. Arising from these rainy weather conditions comes the attitude that a quick rain shower may be beautiful, as well as moody- but first and foremost requires the right outfit. Rains focus on the whole experience of going outside on rainy days, issuing an invitation to explore even in the most mercurial weather.</p>",,1,1,61202,42490,,,100,in_stock
